{"cameraMode":{"drawMode":0,"name":"Shaded","section":"Shading Mode"},"sceneLighting":true,"audioPlay":false,"sceneViewState":{"showFog":true,"showMaterialUpdate":false,"showSkybox":true,"showFlares":true,"showImageEffects":true,"showParticleSystems":true},"in2DMode":false,"pivot":{"x":-0.710700511932373,"y":-19.911518096923829,"z":-18.50776481628418},"rotation":{"x":0.43428686261177065,"y":-0.10231005400419235,"z":0.04972439259290695,"w":0.8935646414756775},"size":53.608001708984378,"orthographic":false}