{"cameraMode":{"drawMode":0,"name":"Shaded","section":"Shading Mode"},"sceneLighting":true,"audioPlay":false,"sceneViewState":{"showFog":true,"showMaterialUpdate":false,"showSkybox":true,"showFlares":true,"showImageEffects":true,"showParticleSystems":true},"in2DMode":false,"pivot":{"x":-0.910811185836792,"y":-1.513218879699707,"z":1.3985201120376588},"rotation":{"x":-0.6293633580207825,"y":-0.029816655442118646,"z":0.024189619347453119,"w":-0.7761957049369812},"size":12.953624725341797,"orthographic":false}